iter	Logloss
0	0.6475986615
1	0.6123437698
2	0.5852546048
3	0.5642125148
4	0.5449701308
5	0.529413372
6	0.5167409233
7	0.5082456517
8	0.5001469042
9	0.4935293996
